{"hashes":{"452064dcff76e03e0e81b4bb3c48ab1c432e040094f7546c7261a90d4a1c1bbf":{"appid":"fgbafbciocncjfbbonhocjaohoknlaco","fp":""},"8482d8cbe30fdc7c561f12ce566b64102191a99798dae98132c35714020e1aad":{"appid":"jbfaflocpnkhbgcijpkiafdpbjkedane","fp":""},"89f43cb3df807293de2772d5f01ac2fc1482b38ccc8fdaee859b80642b7a0487":{"appid":"pghocgajpebopihickglahgebcmkcekh","fp":""},"95fd9d48e4fc245a3f3a99a3a16ecd1355050ba3f4afc555f19a97c7f9b49677":{"appid":"ohckeflnhegojcjlcpbfpciadgikcohk","fp":""},"a99d66cfce8ca170740ce0403956f4dfaf4683829a89f4b7ad9c95303871e284":{"appid":"eeobbhfgfagbclfofmgbdfoicabjdbkn","fp":""},"b987bdc4f2ad2a409b964921d4a5db1cdbe07f9c98f868293b4cc32acdc42cec":{"appid":"alpjnmnfbgfkmmpcfpejmmoebdndedno","fp":""},"fa29a6d5775ff340900a65b39b02fc8b4b77d403c048d8debf22f2f5d09c61a0":{"appid":"oankkpibpaokgecfckkdkgaoafllipag","fp":""}}}